machine_id,button_index,affects_tuple,presses,contribution_vector,num_affected
1,0,"(2,4)",7,"[0,0,7,0,7,0,0,0,0]",2
1,1,"(1,2,6,8)",7,"[0,7,7,0,0,0,7,0,7]",4
1,2,"(2,5,6,7)",4,"[0,0,4,0,0,4,4,4,0]",4
1,3,"(0,1,2,4,6,7,8)",6,"[6,6,6,0,6,0,6,6,6]",7
1,4,"(3,8)",14,"[0,0,0,14,0,0,0,0,14]",2
1,5,"(0,3,4,5,6,8)",2,"[2,0,0,2,2,2,2,0,2]",6
1,6,"(1,2,4,6,7)",14,"[0,14,14,0,14,0,14,14,0]",5
2,0,"(0,1,2)",9,"[9,9,9,0]",3
2,1,"(0,2,3)",18,"[18,0,18,18]",3
2,2,"(1,3)",3,"[0,3,0,3]",2
3,0,"(1,3)",5,"[0,5,0,5]",2
3,1,"(0,1,2)",159,"[159,159,159,0]",3
4,1,"(0,1,2,3,5)",30,"[30,30,30,30,0,30,0]",5
4,3,"(2,4,6)",22,"[0,0,22,0,22,0,22]",3
4,4,"(0,2,6)",4,"[4,0,4,0,0,0,4]",3
4,5,"(0,1,3,4,5)",137,"[137,137,0,137,137,137,0]",5
4,6,"(0,1,2,3,4,5)",3,"[3,3,3,3,3,3,0]",6
5,1,"(0,1,2,3,4,5,6,9)",15,"[15,15,15,15,15,15,15,0,0,15]",8
5,2,"(0,1,2,5,9)",11,"[11,11,11,0,0,11,0,0,0,11]",5
5,3,"(0,1,2,3,7)",9,"[9,9,9,9,0,0,0,9,0,0]",5
5,4,"(0,1,3,6,8)",2,"[2,2,0,2,0,0,2,0,2,0]",5
5,5,"(3,5)",2,"[0,0,0,2,0,2,0,0,0,0]",2
5,6,"(1,3,4,5,6,9)",2,"[0,2,0,2,2,2,2,0,0,2]",6
5,7,"(1,3,4,5,7,8,9)",7,"[0,7,0,7,7,7,0,7,7,7]",7
6,2,"(1,5,6)",12,"[0,12,0,0,0,12,12,0,0,0]",3
6,3,"(3,4,5,8)",5,"[0,0,0,5,5,5,0,0,5,0]",4
6,4,"(0,1,2,3,5,6,8,9)",14,"[14,14,14,14,0,14,14,0,14,14]",8
6,5,"(0,2,3,9)",12,"[12,0,12,12,0,0,0,0,0,12]",4
6,6,"(0,1,2,3,5,7,9)",13,"[13,13,13,13,0,13,0,13,0,13]",7
6,7,"(0,2,4,5,7,8,9)",5,"[5,0,5,0,5,5,0,5,5,5]",7
6,8,"(0,1,5,7,8)",14,"[14,14,0,0,0,14,0,14,14,0]",5
7,0,"(0,1,3,4,6,7,8,9)",12,"[12,12,0,12,12,0,12,12,12,12]",8
7,1,"(1,4,5,6,8,9)",11,"[0,11,0,0,11,11,11,0,11,11]",6
7,2,"(0,3,9)",1,"[1,0,0,1,0,0,0,0,0,1]",3
7,4,"(2,4,7)",16,"[0,0,16,0,16,0,0,16,0,0]",3
7,5,"(1,8)",3,"[0,3,0,0,0,0,0,0,3,0]",2
7,6,"(0,2,3,7,8,9)",1,"[1,0,1,1,0,0,0,1,1,1]",6
7,7,"(0,4,5,6,7,8,9)",3,"[3,0,0,0,3,3,3,3,3,3]",7
7,8,"(0,1,2,4,8)",16,"[16,16,16,0,16,0,0,0,16,0]",5
8,0,"(0,2,5,8)",16,"[16,0,16,0,0,16,0,0,16]",4
8,1,"(1,3,4,5,6,7,8)",10,"[0,10,0,10,10,10,10,10,10]",7
8,2,"(1,2,3,7)",4,"[0,4,4,4,0,0,0,4,0]",4
8,3,"(0,1,2,3,4,5,6,8)",3,"[3,3,3,3,3,3,3,0,3]",8
8,4,"(0,1,2,4,6,7)",11,"[11,11,11,0,11,0,11,11,0]",6
8,5,"(0,1,2,3,5,6,7,8)",14,"[14,14,14,14,0,14,14,14,14]",8
8,6,(0),1,"[1,0,0,0,0,0,0,0,0]",1
8,7,"(0,1,3,5,7,8)",3,"[3,3,0,3,0,3,0,3,3]",6
8,8,"(0,1,3,4,5,7)",5,"[5,5,0,5,5,5,0,5,0]",6
8,9,"(0,1,2,4,5,6,8)",27,"[27,27,27,0,27,27,27,0,27]",7
9,1,"(4,5)",25,"[0,0,0,0,25,25]",2
9,2,"(2,5)",5,"[0,0,5,0,0,5]",2
9,3,"(0,1,5)",21,"[21,21,0,0,0,21]",3
9,4,"(0,4)",16,"[16,0,0,0,16,0]",2
9,5,"(0,1,4,5)",13,"[13,13,0,0,13,13]",4
9,6,"(0,1,2,3,4)",16,"[16,16,16,16,16,0]",5
10,0,"(1,4,5)",3,"[0,3,0,0,3,3,0,0]",3
10,1,"(1,4)",20,"[0,20,0,0,20,0,0,0]",2
10,2,"(2,5)",12,"[0,0,12,0,0,12,0,0]",2
10,3,"(0,1,2,3,4,5,6)",3,"[3,3,3,3,3,3,3,0]",7
10,4,"(0,3,4,5,6,7)",15,"[15,0,0,15,15,15,15,15]",6
10,5,"(3,4,5)",19,"[0,0,0,19,19,19,0,0]",3
10,6,"(1,2,3,5,6)",17,"[0,17,17,17,0,17,17,0]",5
11,0,"(1,3)",194,"[0,194,0,194]",2
11,1,(2),15,"[0,0,15,0]",1
11,2,"(0,2,3)",2,"[2,0,2,2]",3
12,1,(6),1,"[0,0,0,0,0,0,1]",1
12,2,"(1,3)",3,"[0,3,0,3,0,0,0]",2
12,3,"(0,1,2,3,6)",10,"[10,10,10,10,0,0,10]",5
12,4,"(0,1,2,5,6)",11,"[11,11,11,0,0,11,11]",5
12,5,"(0,1,3,4,6)",14,"[14,14,0,14,14,0,14]",5
12,6,"(0,2,3,4,5)",20,"[20,0,20,20,20,20,0]",5
12,7,"(2,5,6)",16,"[0,0,16,0,0,16,16]",3
12,8,(5),18,"[0,0,0,0,0,18,0]",1
13,0,"(0,1,3,4,6,7,8)",4,"[4,4,0,4,4,0,4,4,4,0]",7
13,1,"(0,2,3,4,5,6,7)",16,"[16,0,16,16,16,16,16,16,0,0]",7
13,3,"(1,2,3,4,6,7,8,9)",1,"[0,1,1,1,1,0,1,1,1,1]",8
13,4,"(0,1,2,3,6,7)",16,"[16,16,16,16,0,0,16,16,0,0]",6
13,5,"(0,2,5,9)",9,"[9,0,9,0,0,9,0,0,0,9]",4
13,7,"(0,1,2,3,4,5,8)",12,"[12,12,12,12,12,12,0,0,12,0]",7
13,8,(2),7,"[0,0,7,0,0,0,0,0,0,0]",1
13,10,"(0,2,4,5,6)",20,"[20,0,20,0,20,20,20,0,0,0]",5
13,11,"(1,6,8,9)",11,"[0,11,0,0,0,0,11,0,11,11]",4
13,12,"(2,3,4,6,7,8,9)",23,"[0,0,23,23,23,0,23,23,23,23]",7
14,0,"(0,2,4)",18,"[18,0,18,0,18,0,0]",3
14,1,"(3,4)",7,"[0,0,0,7,7,0,0]",2
14,2,"(0,1,2,3,5,6)",14,"[14,14,14,14,0,14,14]",6
14,3,"(0,1,2,4,6)",6,"[6,6,6,0,6,0,6]",5
14,4,"(0,5)",6,"[6,0,0,0,0,6,0]",2
14,5,"(2,3,4,6)",5,"[0,0,5,5,5,0,5]",4
15,1,"(0,2,5,8)",14,"[14,0,14,0,0,14,0,0,14]",4
15,2,"(0,4,5,6,7,8)",20,"[20,0,0,0,20,20,20,20,20]",6
15,3,"(0,1,2,5,6,8)",3,"[3,3,3,0,0,3,3,0,3]",6
15,4,"(2,3,5)",2,"[0,0,2,2,0,2,0,0,0]",3
15,5,"(2,3,4,6,7,8)",4,"[0,0,4,4,4,0,4,4,4]",6
15,6,"(0,3,5,7)",16,"[16,0,0,16,0,16,0,16,0]",4
15,7,"(0,1,2,4,7,8)",21,"[21,21,21,0,21,0,0,21,21]",6
15,8,"(0,4,7)",11,"[11,0,0,0,11,0,0,11,0]",3
15,9,"(2,8)",9,"[0,0,9,0,0,0,0,0,9]",2
16,0,"(2,3,5)",5,"[0,0,5,5,0,5]",3
16,1,"(0,1,4,5)",10,"[10,10,0,0,10,10]",4
16,2,"(2,5)",107,"[0,0,107,0,0,107]",2
16,3,"(0,1,3)",11,"[11,11,0,11,0,0]",3
16,4,"(0,2,3,4,5)",18,"[18,0,18,18,18,18]",5
17,0,"(1,3,5,6,7)",23,"[0,23,0,23,0,23,23,23]",5
17,1,"(0,1,2,3,4,5)",3,"[3,3,3,3,3,3,0,0]",6
17,2,"(1,3,4,6,7)",5,"[0,5,0,5,5,0,5,5]",5
17,4,"(0,5,7)",3,"[3,0,0,0,0,3,0,3]",3
17,5,"(0,3,4,5,6,7)",17,"[17,0,0,17,17,17,17,17]",6
17,6,"(1,4,7)",18,"[0,18,0,0,18,0,0,18]",3
17,7,"(0,1,2)",22,"[22,22,22,0,0,0,0,0]",3
17,8,"(1,4,6)",6,"[0,6,0,0,6,0,6,0]",3
17,9,"(0,1,2,6,7)",118,"[118,118,118,0,0,0,118,118]",5
18,0,"(0,1,3)",19,"[19,19,0,19]",3
18,1,"(1,2,3)",3,"[0,3,3,3]",3
18,2,(0),1,"[1,0,0,0]",1
18,3,"(0,2)",5,"[5,0,5,0]",2
19,0,"(0,1,2,3,4,5,7)",2,"[2,2,2,2,2,2,0,2]",7
19,1,"(0,4)",7,"[7,0,0,0,7,0,0,0]",2
19,2,"(0,1,2,7)",7,"[7,7,7,0,0,0,0,7]",4
19,3,(5),3,"[0,0,0,0,0,3,0,0]",1
19,4,"(0,1,2,3,4,5,6)",1,"[1,1,1,1,1,1,1,0]",7
19,5,"(0,3,4,5,7)",12,"[12,0,0,12,12,12,0,12]",5
19,6,"(0,2)",16,"[16,0,16,0,0,0,0,0]",2
19,8,"(3,4,6)",9,"[0,0,0,9,9,0,9,0]",3
20,0,"(0,2,4)",20,"[20,0,20,0,20]",3
20,2,"(3,4)",4,"[0,0,0,4,4]",2
20,3,"(1,2)",6,"[0,6,6,0,0]",2
20,4,"(0,3,4)",13,"[13,0,0,13,13]",3
20,5,"(1,2,4)",12,"[0,12,12,0,12]",3
21,0,"(1,2,5,8)",17,"[0,17,17,0,0,17,0,0,17,0]",4
21,1,(5),6,"[0,0,0,0,0,6,0,0,0,0]",1
21,2,"(2,4,6,7,8)",14,"[0,0,14,0,14,0,14,14,14,0]",5
21,3,"(1,4,5,6,7)",31,"[0,31,0,0,31,31,31,31,0,0]",5
21,5,"(0,1,2,5,6,7,8,9)",5,"[5,5,5,0,0,5,5,5,5,5]",8
21,6,"(1,3,8,9)",15,"[0,15,0,15,0,0,0,0,15,15]",4
21,7,"(0,1)",4,"[4,4,0,0,0,0,0,0,0,0]",2
21,9,"(0,2,9)",25,"[25,0,25,0,0,0,0,0,0,25]",3
21,10,"(0,2,5,6,8)",21,"[21,0,21,0,0,21,21,0,21,0]",5
21,11,"(2,5,6)",1,"[0,0,1,0,0,1,1,0,0,0]",3
21,12,"(1,2,5)",4,"[0,4,4,0,0,4,0,0,0,0]",3
22,0,"(0,1,3,5,6,7,9)",13,"[13,13,0,13,0,13,13,13,0,13]",7
22,1,"(0,1,2,4,7,9)",10,"[10,10,10,0,10,0,0,10,0,10]",6
22,2,"(0,2,4,5,8,9)",10,"[10,0,10,0,10,10,0,0,10,10]",6
22,4,"(1,6,7,8)",3,"[0,3,0,0,0,0,3,3,3,0]",4
22,6,"(1,4,5,6,7,9)",6,"[0,6,0,0,6,6,6,6,0,6]",6
22,7,"(0,2,3,4,5,6,8,9)",26,"[26,0,26,26,26,26,26,0,26,26]",8
22,8,"(1,2,6)",3,"[0,3,3,0,0,0,3,0,0,0]",3
22,9,"(0,6,8,9)",7,"[7,0,0,0,0,0,7,0,7,7]",4
22,11,"(4,8,9)",6,"[0,0,0,0,6,0,0,0,6,6]",3
23,0,"(2,4,5)",11,"[0,0,11,0,11,11,0]",3
23,1,"(0,3,4)",10,"[10,0,0,10,10,0,0]",3
23,2,"(3,5)",1,"[0,0,0,1,0,1,0]",2
23,3,"(1,4,6)",11,"[0,11,0,0,11,0,11]",3
23,4,"(2,6)",14,"[0,0,14,0,0,0,14]",2
23,5,"(1,2,3,4)",5,"[0,5,5,5,5,0,0]",4
23,6,"(0,2,4)",1,"[1,0,1,0,1,0,0]",3
23,7,"(0,1,2,3,5)",12,"[12,12,12,12,0,12,0]",5
24,1,"(1,2)",18,"[0,18,18,0]",2
24,2,"(0,1)",15,"[15,15,0,0]",2
24,3,"(0,1,3)",19,"[19,19,0,19]",3
24,4,"(0,1,2)",1,"[1,1,1,0]",3
25,0,"(0,3,4)",9,"[9,0,0,9,9,0]",3
25,1,"(1,3,4,5)",6,"[0,6,0,6,6,6]",4
25,2,"(2,3,4)",19,"[0,0,19,19,19,0]",3
25,3,"(3,5)",2,"[0,0,0,2,0,2]",2
25,4,"(2,3)",1,"[0,0,1,1,0,0]",2
25,5,"(0,1,2,3,5)",11,"[11,11,11,11,0,11]",5
26,0,"(0,1,2,3,4,5,6,9)",5,"[5,5,5,5,5,5,5,0,0,5]",8
26,2,"(3,4,6)",20,"[0,0,0,20,20,0,20,0,0,0]",3
26,3,"(0,1,2,3,4,5,8,9)",15,"[15,15,15,15,15,15,0,0,15,15]",8
26,4,"(0,3,4,6,7,8,9)",7,"[7,0,0,7,7,0,7,7,7,7]",7
26,5,"(1,2,4,6,7)",12,"[0,12,12,0,12,0,12,12,0,0]",5
26,6,"(5,6,8)",15,"[0,0,0,0,0,15,15,0,15,0]",3
26,7,"(0,6)",4,"[4,0,0,0,0,0,4,0,0,0]",2
26,8,"(0,1,2,3,4,6,9)",3,"[3,3,3,3,3,0,3,0,0,3]",7
26,9,"(1,4,7)",17,"[0,17,0,0,17,0,0,17,0,0]",3
26,10,"(1,2,4,5,6,8,9)",3,"[0,3,3,0,3,3,3,0,3,3]",7
26,11,"(0,1,3,8)",16,"[16,16,0,16,0,0,0,0,16,0]",4
27,0,"(1,2,4,8)",13,"[0,13,13,0,13,0,0,0,13,0]",4
27,1,"(0,4,8,9)",1,"[1,0,0,0,1,0,0,0,1,1]",4
27,2,"(0,1,2,3,6,7,8)",17,"[17,17,17,17,0,0,17,17,17,0]",7
27,3,"(0,1,2,4,6,8)",13,"[13,13,13,0,13,0,13,0,13,0]",6
27,4,"(0,1,3,4,9)",4,"[4,4,0,4,4,0,0,0,0,4]",5
27,5,"(2,5)",12,"[0,0,12,0,0,12,0,0,0,0]",2
27,6,"(1,2,5)",6,"[0,6,6,0,0,6,0,0,0,0]",3
27,7,"(0,1,2,6,7,8)",120,"[120,120,120,0,0,0,120,120,120,0]",6
27,8,"(3,5,6,7,8,9)",9,"[0,0,0,9,0,9,9,9,9,9]",6
28,0,"(2,4)",13,"[0,0,13,0,13,0]",2
28,1,"(0,1,2,4)",5,"[5,5,5,0,5,0]",4
28,2,"(0,1,2,3,4)",19,"[19,19,19,19,19,0]",5
28,3,"(0,5)",6,"[6,0,0,0,0,6]",2
28,4,"(0,3)",11,"[11,0,0,11,0,0]",2
28,5,"(0,1,4,5)",14,"[14,14,0,0,14,14]",4
29,0,"(1,3)",19,"[0,19,0,19]",2
29,1,"(2,3)",1,"[0,0,1,1]",2
29,2,"(0,3)",19,"[19,0,0,19]",2
29,3,"(0,1,2)",6,"[6,6,6,0]",3
30,0,"(0,1,2,3,6,8,9)",24,"[24,24,24,24,0,0,24,0,24,24]",7
30,1,"(0,1,2,6)",16,"[16,16,16,0,0,0,16,0,0,0]",4
30,2,"(0,2,3,4,5)",7,"[7,0,7,7,7,7,0,0,0,0]",5
30,4,"(1,3,4,5,7,8,9)",10,"[0,10,0,10,10,10,0,10,10,10]",7
30,5,"(0,4,5,6,7,9)",15,"[15,0,0,0,15,15,15,15,0,15]",6
30,6,"(0,1,2,4,5,7,8,9)",4,"[4,4,4,0,4,4,0,4,4,4]",8
30,7,"(0,2,6,7)",4,"[4,0,4,0,0,0,4,4,0,0]",4
30,8,"(0,3,4,5,6,7,8)",165,"[165,0,0,165,165,165,165,165,165,0]",7
30,9,"(1,2,3,4,5,6,9)",9,"[0,9,9,9,9,9,9,0,0,9]",7
31,0,"(1,2)",19,"[0,19,19,0]",2
31,2,"(1,3)",7,"[0,7,0,7]",2
31,4,(1),5,"[0,5,0,0]",1
32,0,"(1,3,5,7,8)",12,"[0,12,0,12,0,12,0,12,12]",5
32,1,"(0,1,2,3,4,6,7)",19,"[19,19,19,19,19,0,19,19,0]",7
32,2,"(0,1,2,5,6,7,8)",19,"[19,19,19,0,0,19,19,19,19]",7
32,3,"(4,5,6,7)",6,"[0,0,0,0,6,6,6,6,0]",4
32,4,"(0,1,3,4,5,6,7)",2,"[2,2,0,2,2,2,2,2,0]",7
32,5,"(0,2,3,5,7,8)",8,"[8,0,8,8,0,8,0,8,8]",6
32,6,"(0,1,2,4,5,7,8)",8,"[8,8,8,0,8,8,0,8,8]",7
32,7,"(0,1,3,4,7,8)",12,"[12,12,0,12,12,0,0,12,12]",6
33,0,"(0,3,4,5,6,8,9)",16,"[16,0,0,16,16,16,16,0,16,16]",7
33,1,"(0,1,2,4,7,8)",32,"[32,32,32,0,32,0,0,32,32,0]",6
33,2,"(0,1,2,3,6,9)",10,"[10,10,10,10,0,0,10,0,0,10]",6
33,3,"(0,2,4,5,7,8,9)",5,"[5,0,5,0,5,5,0,5,5,5]",7
33,4,"(0,1,2,3,4,5,7,9)",8,"[8,8,8,8,8,8,0,8,0,8]",8
33,5,"(0,6,8,9)",12,"[12,0,0,0,0,0,12,0,12,12]",4
33,6,"(2,6,7,8)",1,"[0,0,1,0,0,0,1,1,1,0]",4
33,7,"(0,4,5,6,7,8,9)",18,"[18,0,0,0,18,18,18,18,18,18]",7
33,8,"(2,3,4,5,6,8,9)",18,"[0,0,18,18,18,18,18,0,18,18]",7
33,9,(9),1,"[0,0,0,0,0,0,0,0,0,1]",1
33,10,"(1,3,5,6,7,8,9)",20,"[0,20,0,20,0,20,20,20,20,20]",7
34,0,"(0,2)",16,"[16,0,16,0]",2
34,1,"(1,3)",2,"[0,2,0,2]",2
35,0,"(1,3,4,6,7,8,9)",22,"[0,22,0,22,22,0,22,22,22,22]",7
35,1,"(0,1,4,6,7,8,9)",8,"[8,8,0,0,8,0,8,8,8,8]",7
35,2,"(3,4,5,7,8,9)",5,"[0,0,0,5,5,5,0,5,5,5]",6
35,4,"(0,1,3,4,5,6,7,8)",10,"[10,10,0,10,10,10,10,10,10,0]",8
35,5,"(0,2,3,5,7,8)",22,"[22,0,22,22,0,22,0,22,22,0]",6
35,6,"(1,3,5,6,8)",3,"[0,3,0,3,0,3,3,0,3,0]",5
35,7,"(1,2,5)",11,"[0,11,11,0,0,11,0,0,0,0]",3
35,8,"(1,5,6,8,9)",31,"[0,31,0,0,0,31,31,0,31,31]",5
35,11,"(1,3,5,7,8,9)",3,"[0,3,0,3,0,3,0,3,3,3]",6
35,12,"(3,5,9)",17,"[0,0,0,17,0,17,0,0,0,17]",3
36,0,"(2,3,4,5,6,8,9)",16,"[0,0,16,16,16,16,16,0,16,16]",7
36,1,"(1,2,4,5,6,8,9)",15,"[0,15,15,0,15,15,15,0,15,15]",7
36,2,"(0,1,4,5,7,8,9)",7,"[7,7,0,0,7,7,0,7,7,7]",7
36,3,"(1,7,8,9)",18,"[0,18,0,0,0,0,0,18,18,18]",4
36,4,"(1,3,4)",14,"[0,14,0,14,14,0,0,0,0,0]",3
36,5,"(0,1,4,8,9)",14,"[14,14,0,0,14,0,0,0,14,14]",5
36,6,"(0,2,3,4,5,6,7)",2,"[2,0,2,2,2,2,2,2,0,0]",7
36,7,"(0,2,3,4,5,7,9)",16,"[16,0,16,16,16,16,0,16,0,16]",7
36,8,"(1,2,3,5,6,8,9)",18,"[0,18,18,18,0,18,18,0,18,18]",7
36,9,"(0,2,4,5,8)",15,"[15,0,15,0,15,15,0,0,15,0]",5
37,0,"(2,4,8)",121,"[0,0,121,0,121,0,0,0,121]",3
37,1,"(2,3,6,7)",8,"[0,0,8,8,0,0,8,8,0]",4
37,2,"(0,1,2,4,5,6,8)",17,"[17,17,17,0,17,17,17,0,17]",7
37,3,(6),4,"[0,0,0,0,0,0,4,0,0]",1
37,4,"(0,1,4,5,6)",20,"[20,20,0,0,20,20,20,0,0]",5
37,5,"(0,1,2,3,4,6,7,8)",18,"[18,18,18,18,18,0,18,18,18]",8
37,7,"(1,4,6)",2,"[0,2,0,0,2,0,2,0,0]",3
38,0,"(0,1,2,3,5)",2,"[2,2,2,2,0,2,0]",5
38,1,"(1,2,6)",3,"[0,3,3,0,0,0,3]",3
38,3,"(0,1,2)",7,"[7,7,7,0,0,0,0]",3
38,4,"(2,3)",4,"[0,0,4,4,0,0,0]",2
38,6,"(4,5)",6,"[0,0,0,0,6,6,0]",2
39,0,"(0,2)",8,"[8,0,8,0]",2
39,1,"(1,2,3)",9,"[0,9,9,9]",3
40,0,"(0,1,2,3,6)",12,"[12,12,12,12,0,0,12,0]",5
40,1,(4),18,"[0,0,0,0,18,0,0,0]",1
40,2,"(1,3,5,6)",19,"[0,19,0,19,0,19,19,0]",4
40,3,"(2,5,6,7)",10,"[0,0,10,0,0,10,10,10]",4
40,4,"(0,5,6,7)",15,"[15,0,0,0,0,15,15,15]",4
40,5,"(1,2,3,7)",152,"[0,152,152,152,0,0,0,152]",4
41,0,(1),10,"[0,10,0,0,0,0,0]",1
41,1,"(0,4)",9,"[9,0,0,0,9,0,0]",2
41,2,"(0,3,4,5)",169,"[169,0,0,169,169,169,0]",4
41,3,"(3,6)",6,"[0,0,0,6,0,0,6]",2
41,4,"(1,2,3,4,5)",19,"[0,19,19,19,19,19,0]",5
41,5,"(2,5)",12,"[0,0,12,0,0,12,0]",2
41,6,"(0,1)",15,"[15,15,0,0,0,0,0]",2
42,0,"(0,4,5,6)",1,"[1,0,0,0,1,1,1,0]",4
42,1,"(2,6,7)",12,"[0,0,12,0,0,0,12,12]",3
42,2,"(2,3,4,5,6,7)",18,"[0,0,18,18,18,18,18,18]",6
42,3,"(1,2,5,6)",5,"[0,5,5,0,0,5,5,0]",4
42,4,"(1,6)",15,"[0,15,0,0,0,0,15,0]",2
42,5,"(2,3,5)",2,"[0,0,2,2,0,2,0,0]",3
42,6,"(1,2,4,5,6,7)",18,"[0,18,18,0,18,18,18,18]",6
42,7,"(0,1,3,4,5,6,7)",9,"[9,9,0,9,9,9,9,9]",7
43,0,"(2,3,5,7,8)",23,"[0,0,23,23,0,23,0,23,23]",5
43,2,"(1,3,4,5,6)",2,"[0,2,0,2,2,2,2,0,0]",5
43,3,"(1,5)",157,"[0,157,0,0,0,157,0,0,0]",2
43,4,"(0,1,2,4,5,7,8)",9,"[9,9,9,0,9,9,0,9,9]",7
43,5,"(1,4)",10,"[0,10,0,0,10,0,0,0,0]",2
43,6,"(1,2,3,4,5,6,7,8)",4,"[0,4,4,4,4,4,4,4,4]",8
43,7,(7),2,"[0,0,0,0,0,0,0,2,0]",1
43,8,"(0,1,2,3,5,7,8)",19,"[19,19,19,19,0,19,0,19,19]",7
43,10,"(4,7,8)",11,"[0,0,0,0,11,0,0,11,11]",3
44,0,"(0,1,4,5,7)",3,"[3,3,0,0,3,3,0,3,0]",5
44,1,"(0,3,5,6)",17,"[17,0,0,17,0,17,17,0,0]",4
44,2,"(0,1,2,4,7)",19,"[19,19,19,0,19,0,0,19,0]",5
44,4,"(3,5,6)",13,"[0,0,0,13,0,13,13,0,0]",3
44,5,"(0,1,2,3,4,6,7,8)",4,"[4,4,4,4,4,0,4,4,4]",8
44,6,"(0,5,6,7,8)",2,"[2,0,0,0,0,2,2,2,2]",5
45,0,"(2,3,4,6,7,8)",12,"[0,0,12,12,12,0,12,12,12]",6
45,1,"(1,3,4,5,6,7,8)",17,"[0,17,0,17,17,17,17,17,17]",7
45,2,(0),5,"[5,0,0,0,0,0,0,0,0]",1
45,3,"(0,1,3,4,6,7,8)",20,"[20,20,0,20,20,0,20,20,20]",7
45,5,"(0,3,5,6,8)",16,"[16,0,0,16,0,16,16,0,16]",5
45,6,"(0,1,3,5,6)",15,"[15,15,0,15,0,15,15,0,0]",5
45,7,"(2,5,6,7,8)",13,"[0,0,13,0,0,13,13,13,13]",5
45,8,"(1,2)",7,"[0,7,7,0,0,0,0,0,0]",2
46,0,"(0,1,2,3,4,5)",12,"[12,12,12,12,12,12,0]",6
46,1,"(0,1,2)",6,"[6,6,6,0,0,0,0]",3
46,2,"(0,1,3,5,6)",16,"[16,16,0,16,0,16,16]",5
46,3,"(0,4,5)",7,"[7,0,0,0,7,7,0]",3
46,4,"(2,3,4,5)",14,"[0,0,14,14,14,14,0]",4
47,0,"(2,4)",26,"[0,0,26,0,26]",2
47,1,"(0,2)",20,"[20,0,20,0,0]",2
47,2,"(0,1,3,4)",134,"[134,134,0,134,134]",4
47,3,"(0,1,2,3)",9,"[9,9,9,9,0]",4
47,4,(4),1,"[0,0,0,0,1]",1
48,0,"(0,4,8,9)",15,"[15,0,0,0,15,0,0,0,15,15]",4
48,1,"(0,3,4,5,7,9)",17,"[17,0,0,17,17,17,0,17,0,17]",6
48,2,"(2,3,5,6,8,9)",20,"[0,0,20,20,0,20,20,0,20,20]",6
48,4,"(0,7)",15,"[15,0,0,0,0,0,0,15,0,0]",2
48,5,"(0,4,9)",14,"[14,0,0,0,14,0,0,0,0,14]",3
48,6,"(0,1,2,5,6,7,8,9)",14,"[14,14,14,0,0,14,14,14,14,14]",8
48,7,"(0,1,5,6,7,8)",2,"[2,2,0,0,0,2,2,2,2,0]",6
48,8,"(1,3)",16,"[0,16,0,16,0,0,0,0,0,0]",2
49,0,"(1,2,4)",15,"[0,15,15,0,15]",3
49,2,"(0,3)",13,"[13,0,0,13,0]",2
49,3,(0),12,"[12,0,0,0,0]",1
49,5,"(1,4)",5,"[0,5,0,0,5]",2
49,6,"(1,3)",3,"[0,3,0,3,0]",2
50,0,"(0,1,4)",17,"[17,17,0,0,17]",3
50,2,"(0,2,4)",14,"[14,0,14,0,14]",3
50,3,"(0,1,2)",22,"[22,22,22,0,0]",3
50,4,"(1,2,3,4)",17,"[0,17,17,17,17]",4
50,5,"(1,4)",2,"[0,2,0,0,2]",2
51,0,(0),9,"[9,0,0,0,0]",1
51,1,"(1,4)",10,"[0,10,0,0,10]",2
51,3,"(2,3,4)",103,"[0,0,103,103,103]",3
51,4,"(0,1,3)",3,"[3,3,0,3,0]",3
51,5,"(0,1,2)",1,"[1,1,1,0,0]",3
52,1,"(0,1,2,3)",14,"[14,14,14,14,0]",4
52,3,(0),3,"[3,0,0,0,0]",1
52,4,"(0,2,4)",20,"[20,0,20,0,20]",3
52,5,(4),2,"[0,0,0,0,2]",1
53,0,"(0,2,4,6)",8,"[8,0,8,0,8,0,8]",4
53,1,"(0,1,3,4,5)",2,"[2,2,0,2,2,2,0]",5
53,2,"(0,1,5)",18,"[18,18,0,0,0,18,0]",3
53,3,"(0,1,2,6)",20,"[20,20,20,0,0,0,20]",4
53,4,"(2,4,5)",16,"[0,0,16,0,16,16,0]",3
54,0,"(1,3,5,7)",9,"[0,9,0,9,0,9,0,9]",4
54,1,"(0,3,4,5,6,7)",9,"[9,0,0,9,9,9,9,9]",6
54,2,"(1,3,4,5,6,7)",10,"[0,10,0,10,10,10,10,10]",6
54,3,"(0,1,4,5,6,7)",15,"[15,15,0,0,15,15,15,15]",6
54,4,(2),2,"[0,0,2,0,0,0,0,0]",1
54,5,"(0,2,3,4,5)",2,"[2,0,2,2,2,2,0,0]",5
55,0,"(1,2,3,4)",14,"[0,14,14,14,14,0,0,0,0]",4
55,2,"(0,1,2,3,5,6,8)",6,"[6,6,6,6,0,6,6,0,6]",7
55,3,"(4,5)",152,"[0,0,0,0,152,152,0,0,0]",2
55,6,(1),4,"[0,4,0,0,0,0,0,0,0]",1
55,7,"(0,1,8)",2,"[2,2,0,0,0,0,0,0,2]",3
55,8,"(0,1,4,5,7,8)",25,"[25,25,0,0,25,25,0,25,25]",6
55,9,"(0,1,2,3,4,5,6,8)",8,"[8,8,8,8,8,8,8,0,8]",8
55,10,"(0,1,2)",15,"[15,15,15,0,0,0,0,0,0]",3
56,0,"(1,2,3,4,5,7)",6,"[0,6,6,6,6,6,0,6]",6
56,1,"(0,2,6)",17,"[17,0,17,0,0,0,17,0]",3
56,2,"(0,4,5)",12,"[12,0,0,0,12,12,0,0]",3
56,3,"(0,1,2)",20,"[20,20,20,0,0,0,0,0]",3
56,4,"(3,5)",11,"[0,0,0,11,0,11,0,0]",2
57,0,"(1,4,6)",13,"[0,13,0,0,13,0,13]",3
57,1,"(1,2,6)",13,"[0,13,13,0,0,0,13]",3
57,2,"(4,5,6)",13,"[0,0,0,0,13,13,13]",3
57,3,"(0,1,5)",15,"[15,15,0,0,0,15,0]",3
57,4,"(3,6)",11,"[0,0,0,11,0,0,11]",2
58,0,"(0,1,3,4,6,7,8)",15,"[15,15,0,15,15,0,15,15,15]",7
58,1,"(2,3,6,7)",1,"[0,0,1,1,0,0,1,1,0]",4
58,2,"(1,2,3,5,6,7,8)",20,"[0,20,20,20,0,20,20,20,20]",7
58,4,"(2,3,4,5,6,7,8)",16,"[0,0,16,16,16,16,16,16,16]",7
58,5,"(1,6)",19,"[0,19,0,0,0,0,19,0,0]",2
58,6,"(0,1,2,6)",13,"[13,13,13,0,0,0,13,0,0]",4
58,7,"(1,3,4,5,6,8)",3,"[0,3,0,3,3,3,3,0,3]",6
58,8,"(5,6,7)",121,"[0,0,0,0,0,121,121,121,0]",3
58,9,"(2,4,5,8)",16,"[0,0,16,0,16,16,0,0,16]",4
58,10,"(3,4)",10,"[0,0,0,10,10,0,0,0,0]",2
59,0,"(3,5,6,9)",11,"[0,0,0,11,0,11,11,0,0,11]",4
59,1,"(0,1,2,4,5,7,8,9)",7,"[7,7,7,0,7,7,0,7,7,7]",8
59,2,"(2,4,7,8,9)",20,"[0,0,20,0,20,0,0,20,20,20]",5
59,3,"(0,2,3,5,7,8)",5,"[5,0,5,5,0,5,0,5,5,0]",6
59,5,"(5,6,7,8)",12,"[0,0,0,0,0,12,12,12,12,0]",4
59,6,"(1,3,6,7)",14,"[0,14,0,14,0,0,14,14,0,0]",4
59,7,(4),20,"[0,0,0,0,20,0,0,0,0,0]",1
60,0,"(1,3,6)",20,"[0,20,0,20,0,0,20,0,0,0]",3
60,1,"(0,1,8,9)",7,"[7,7,0,0,0,0,0,0,7,7]",4
60,2,"(0,2,3,4,5,7,8,9)",8,"[8,0,8,8,8,8,0,8,8,8]",8
60,3,"(1,2,3,4,5,7,8,9)",3,"[0,3,3,3,3,3,0,3,3,3]",8
60,4,(4),15,"[0,0,0,0,15,0,0,0,0,0]",1
60,5,"(1,2,3,4,5,6,7,8,9)",8,"[0,8,8,8,8,8,8,8,8,8]",9
60,6,"(0,4,7)",11,"[11,0,0,0,11,0,0,11,0,0]",3
60,7,"(1,4,5)",2,"[0,2,0,0,2,2,0,0,0,0]",3
61,0,"(0,7)",13,"[13,0,0,0,0,0,0,13]",2
61,2,"(1,3)",11,"[0,11,0,11,0,0,0,0]",2
61,3,"(3,6)",2,"[0,0,0,2,0,0,2,0]",2
61,4,"(0,1,2,4,6,7)",2,"[2,2,2,0,2,0,2,2]",6
61,5,"(0,5)",9,"[9,0,0,0,0,9,0,0]",2
61,6,"(3,4,5,6)",19,"[0,0,0,19,19,19,19,0]",4
62,0,"(0,1,2,3,5)",1,"[1,1,1,1,0,1]",5
62,1,"(1,2,4,5)",2,"[0,2,2,0,2,2]",4
62,2,"(0,1,4)",3,"[3,3,0,0,3,0]",3
62,3,"(1,3,4)",9,"[0,9,0,9,9,0]",3
62,4,"(0,2,3,4,5)",6,"[6,0,6,6,6,6]",5
62,5,"(0,3)",1,"[1,0,0,1,0,0]",2
62,6,"(0,1,5)",4,"[4,4,0,0,0,4]",3
63,0,"(0,1,2)",10,"[10,10,10,0]",3
63,1,"(0,1,3)",6,"[6,6,0,6]",3
64,0,"(0,1,3,4,6)",8,"[8,8,0,8,8,0,8]",5
64,1,"(1,2,6)",1,"[0,1,1,0,0,0,1]",3
64,2,"(3,4)",19,"[0,0,0,19,19,0,0]",2
64,3,"(0,1,3,5,6)",10,"[10,10,0,10,0,10,10]",5
64,4,"(0,2,4,5,6)",1,"[1,0,1,0,1,1,1]",5
64,5,"(1,4)",5,"[0,5,0,0,5,0,0]",2
65,1,"(1,4)",13,"[0,13,0,0,13]",2
65,2,"(0,1,3)",17,"[17,17,0,17,0]",3
65,3,"(1,2,4)",19,"[0,19,19,0,19]",3
65,4,(1),19,"[0,19,0,0,0]",1
65,5,"(0,1,4)",6,"[6,6,0,0,6]",3
66,0,"(1,2,4,5)",3,"[0,3,3,0,3,3]",4
66,1,"(0,2,3,4)",16,"[16,0,16,16,16,0]",4
66,2,"(1,2,3,4)",17,"[0,17,17,17,17,0]",4
66,3,"(2,4)",11,"[0,0,11,0,11,0]",2
66,4,"(1,3,5)",13,"[0,13,0,13,0,13]",3
66,5,"(3,4)",16,"[0,0,0,16,16,0]",2
67,0,"(3,4)",6,"[0,0,0,6,6,0]",2
67,2,"(0,4)",9,"[9,0,0,0,9,0]",2
67,3,"(0,2,3)",9,"[9,0,9,9,0,0]",3
67,4,"(0,1,4,5)",4,"[4,4,0,0,4,4]",4
67,5,"(1,2,4)",29,"[0,29,29,0,29,0]",3
67,6,"(1,2,4,5)",14,"[0,14,14,0,14,14]",4
68,0,"(0,1,3,5,6)",19,"[19,19,0,19,0,19,19]",5
68,1,"(0,1,4,6)",19,"[19,19,0,0,19,0,19]",4
68,2,"(0,2,4,5)",19,"[19,0,19,0,19,19,0]",4
68,3,"(1,4,5)",1,"[0,1,0,0,1,1,0]",3
68,4,"(0,2,3,4,5)",5,"[5,0,5,5,5,5,0]",5
68,5,"(1,2,3,5)",17,"[0,17,17,17,0,17,0]",4
69,0,"(0,1,2,3,4,6)",34,"[34,34,34,34,34,0,34]",6
69,1,"(0,2,3,4,5)",20,"[20,0,20,20,20,20,0]",5
69,3,"(0,1,2,3,5,6)",9,"[9,9,9,9,0,9,9]",6
69,4,"(0,2,3,4)",15,"[15,0,15,15,15,0,0]",4
69,6,"(0,1,2,5)",182,"[182,182,182,0,0,182,0]",4
69,7,"(0,3,4,6)",1,"[1,0,0,1,1,0,1]",4
69,8,(1),2,"[0,2,0,0,0,0,0]",1
70,0,"(3,4)",11,"[0,0,0,11,11]",2
70,1,(4),1,"[0,0,0,0,1]",1
70,2,"(0,1,2,4)",15,"[15,15,15,0,15]",4
70,3,"(1,3,4)",16,"[0,16,0,16,16]",3
70,5,"(0,3,4)",5,"[5,0,0,5,5]",3
71,0,"(0,2,4,5,6,7,8,9)",28,"[28,0,28,0,28,28,28,28,28,28]",8
71,1,"(0,1,2,3,4,5,6,7,9)",27,"[27,27,27,27,27,27,27,27,0,27]",9
71,2,"(1,4,5,6,7,9)",9,"[0,9,0,0,9,9,9,9,0,9]",6
71,3,"(0,3,5,6,7)",1,"[1,0,0,1,0,1,1,1,0,0]",5
71,4,"(0,1,4,5,7,8,9)",2,"[2,2,0,0,2,2,0,2,2,2]",7
71,5,"(0,1,2,3,5,6,7)",13,"[13,13,13,13,0,13,13,13,0,0]",7
71,7,"(4,7)",9,"[0,0,0,0,9,0,0,9,0,0]",2
71,8,"(0,1,2,3,4,5,7,8)",3,"[3,3,3,3,3,3,0,3,3,0]",8
71,10,"(0,1,2,3,4,7,9)",9,"[9,9,9,9,9,0,0,9,0,9]",7
71,11,"(0,1,2,3,5,6,7,8)",17,"[17,17,17,17,0,17,17,17,17,0]",8
72,0,"(2,3,7)",18,"[0,0,18,18,0,0,0,18,0]",3
72,1,"(0,1,5,6,7,8)",19,"[19,19,0,0,0,19,19,19,19]",6
72,2,"(1,3,4,5,7,8)",8,"[0,8,0,8,8,8,0,8,8]",6
72,3,"(0,1,2,3,5,6,7,8)",15,"[15,15,15,15,0,15,15,15,15]",8
72,4,"(0,1,2,4,7,8)",7,"[7,7,7,0,7,0,0,7,7]",6
72,6,"(1,3,5,6,7,8)",19,"[0,19,0,19,0,19,19,19,19]",6
72,7,"(2,3,4,5,6,7,8)",8,"[0,0,8,8,8,8,8,8,8]",7
73,0,"(0,4,7)",19,"[19,0,0,0,19,0,0,19]",3
73,1,"(0,2,7)",10,"[10,0,10,0,0,0,0,10]",3
73,2,"(2,3,4)",7,"[0,0,7,7,7,0,0,0]",3
73,3,"(1,2,3,5)",16,"[0,16,16,16,0,16,0,0]",4
73,4,"(1,2,3,4)",4,"[0,4,4,4,4,0,0,0]",4
73,5,"(1,4,6,7)",1,"[0,1,0,0,1,0,1,1]",4
73,6,"(3,7)",176,"[0,0,0,176,0,0,0,176]",2
74,0,"(0,2,8)",126,"[126,0,126,0,0,0,0,0,126]",3
74,1,"(2,3)",6,"[0,0,6,6,0,0,0,0,0]",2
74,2,"(0,4)",7,"[7,0,0,0,7,0,0,0,0]",2
74,3,"(1,2,8)",19,"[0,19,19,0,0,0,0,0,19]",3
74,4,"(0,1,3,7)",13,"[13,13,0,13,0,0,0,13,0]",4
74,5,"(0,4,5)",10,"[10,0,0,0,10,10,0,0,0]",3
74,6,"(1,3,5,6)",17,"[0,17,0,17,0,17,17,0,0]",4
75,0,"(0,1,2,3,5,6)",15,"[15,15,15,15,0,15,15,0]",6
75,1,"(2,4)",16,"[0,0,16,0,16,0,0,0]",2
75,2,"(2,6,7)",16,"[0,0,16,0,0,0,16,16]",3
75,4,"(1,3,4,6,7)",20,"[0,20,0,20,20,0,20,20]",5
75,5,"(0,1,4,6)",18,"[18,18,0,0,18,0,18,0]",4
76,0,"(2,3,4)",22,"[0,0,22,22,22,0]",3
76,1,"(0,1,2)",23,"[23,23,23,0,0,0]",3
76,2,"(0,2,3)",1,"[1,0,1,1,0,0]",3
76,3,(4),1,"[0,0,0,0,1,0]",1
76,4,"(1,5)",9,"[0,9,0,0,0,9]",2
76,5,"(0,2,3,5)",11,"[11,0,11,11,0,11]",4
76,6,"(2,4)",8,"[0,0,8,0,8,0]",2
76,7,"(0,3,4,5)",10,"[10,0,0,10,10,10]",4
77,0,"(2,4)",14,"[0,0,14,0,14,0,0,0]",2
77,2,"(0,1,3,4,6,7)",1,"[1,1,0,1,1,0,1,1]",6
77,4,(1),19,"[0,19,0,0,0,0,0,0]",1
77,5,"(4,6,7)",15,"[0,0,0,0,15,0,15,15]",3
77,6,"(0,2,3,5)",11,"[11,0,11,11,0,11,0,0]",4
77,7,"(2,3,4,5)",2,"[0,0,2,2,2,2,0,0]",4
77,8,"(0,2,5)",16,"[16,0,16,0,0,16,0,0]",3
78,0,"(0,2,3,4,7)",5,"[5,0,5,5,5,0,0,5,0]",5
78,1,"(0,1,2,4,5,6,8)",18,"[18,18,18,0,18,18,18,0,18]",7
78,2,"(2,4,5,6,7)",15,"[0,0,15,0,15,15,15,15,0]",5
78,3,"(0,3,4,7,8)",1,"[1,0,0,1,1,0,0,1,1]",5
78,4,"(0,6)",9,"[9,0,0,0,0,0,9,0,0]",2
78,5,"(1,2,4,5,6)",5,"[0,5,5,0,5,5,5,0,0]",5
78,6,"(2,3,4,7)",2,"[0,0,2,2,2,0,0,2,0]",4
79,0,"(0,3)",9,"[9,0,0,9,0,0,0]",2
79,1,(1),16,"[0,16,0,0,0,0,0]",1
79,2,"(0,2,4,5)",8,"[8,0,8,0,8,8,0]",4
79,3,"(0,1,3,6)",1,"[1,1,0,1,0,0,1]",4
79,4,"(0,1,2,3,5)",30,"[30,30,30,30,0,30,0]",5
79,5,"(0,1,5,6)",20,"[20,20,0,0,0,20,20]",4
79,7,"(0,3,4,6)",23,"[23,0,0,23,23,0,23]",4
80,1,"(0,2,4,5)",108,"[108,0,108,0,108,108]",4
80,3,"(0,3,4,5)",30,"[30,0,0,30,30,30]",4
80,4,"(0,1,2)",12,"[12,12,12,0,0,0]",3
81,0,"(2,3,4,5,6,7)",10,"[0,0,10,10,10,10,10,10]",6
81,2,"(1,2,3,6)",16,"[0,16,16,16,0,0,16,0]",4
81,3,"(0,6,7)",21,"[21,0,0,0,0,0,21,21]",3
81,4,"(1,2,3,4,7)",7,"[0,7,7,7,7,0,0,7]",5
81,5,"(2,3,4,5,7)",15,"[0,0,15,15,15,15,0,15]",5
81,6,(7),8,"[0,0,0,0,0,0,0,8]",1
81,7,"(0,2,4,5,7)",1,"[1,0,1,0,1,1,0,1]",5
81,9,"(2,3,7)",15,"[0,0,15,15,0,0,0,15]",3
82,1,"(0,1,2)",13,"[13,13,13,0]",3
82,2,"(0,3)",19,"[19,0,0,19]",2
82,3,"(0,1)",8,"[8,8,0,0]",2
82,5,"(1,3)",5,"[0,5,0,5]",2
83,1,"(0,2)",13,"[13,0,13,0]",2
83,2,"(0,1)",10,"[10,10,0,0]",2
83,3,"(0,1,3)",26,"[26,26,0,26]",3
83,5,"(1,2)",14,"[0,14,14,0]",2
84,0,"(1,2,3,4)",2,"[0,2,2,2,2]",4
84,1,"(0,2,3,4)",11,"[11,0,11,11,11]",4
84,2,"(0,3)",3,"[3,0,0,3,0]",2
85,1,"(1,3)",13,"[0,13,0,13]",2
85,2,"(0,1,3)",5,"[5,5,0,5]",3
85,3,(1),140,"[0,140,0,0]",1
85,4,"(0,2)",30,"[30,0,30,0]",2
86,0,"(2,3,4)",14,"[0,0,14,14,14]",3
86,1,"(0,2)",19,"[19,0,19,0,0]",2
86,2,"(0,4)",8,"[8,0,0,0,8]",2
86,3,"(0,2,3,4)",128,"[128,0,128,128,128]",4
86,4,"(0,1,3)",14,"[14,14,0,14,0]",3
87,0,"(0,1,2,4,5,7,8)",1,"[1,1,1,0,1,1,0,1,1,0]",7
87,1,"(0,5,8,9)",7,"[7,0,0,0,0,7,0,0,7,7]",4
87,2,"(4,5,6,7,8,9)",1,"[0,0,0,0,1,1,1,1,1,1]",6
87,3,"(0,3,4,8,9)",18,"[18,0,0,18,18,0,0,0,18,18]",5
87,4,"(2,4,7,9)",17,"[0,0,17,0,17,0,0,17,0,17]",4
87,5,"(3,4,6,7,8,9)",7,"[0,0,0,7,7,0,7,7,7,7]",6
87,6,"(1,2,3,4,6,7,8,9)",24,"[0,24,24,24,24,0,24,24,24,24]",8
87,7,"(0,1,3,4,5,6,7,8)",15,"[15,15,0,15,15,15,15,15,15,0]",8
87,8,"(0,1,4,5,6,8)",18,"[18,18,0,0,18,18,18,0,18,0]",6
87,9,"(2,9)",6,"[0,0,6,0,0,0,0,0,0,6]",2
87,10,"(2,3,5,6,7,8)",20,"[0,0,20,20,0,20,20,20,20,0]",6
88,2,"(0,2,5)",22,"[22,0,22,0,0,22,0,0,0]",3
88,3,(8),23,"[0,0,0,0,0,0,0,0,23]",1
88,4,"(2,7)",4,"[0,0,4,0,0,0,0,4,0]",2
88,6,"(0,1,2,3,5,6,7,8)",17,"[17,17,17,17,0,17,17,17,17]",8
88,7,"(1,2,3,4,6,8)",9,"[0,9,9,9,9,0,9,0,9]",6
88,8,"(5,7,8)",165,"[0,0,0,0,0,165,0,165,165]",3
88,9,"(0,6,7)",17,"[17,0,0,0,0,0,17,17,0]",3
88,10,"(0,1,3,4,5,6,7,8)",20,"[20,20,0,20,20,20,20,20,20]",8
89,0,"(1,2,3)",15,"[0,15,15,15,0,0]",3
89,1,"(0,1,3,5)",7,"[7,7,0,7,0,7]",4
89,2,"(0,4,5)",15,"[15,0,0,0,15,15]",3
89,3,"(1,2,5)",20,"[0,20,20,0,0,20]",3
89,4,"(1,2,3,4,5)",179,"[0,179,179,179,179,179]",5
90,0,"(1,5,6,9)",4,"[0,4,0,0,0,4,4,0,0,4]",4
90,1,"(1,4,5,6,9)",4,"[0,4,0,0,4,4,4,0,0,4]",5
90,2,"(0,2)",12,"[12,0,12,0,0,0,0,0,0,0]",2
90,3,"(2,5,6,7,8,9)",16,"[0,0,16,0,0,16,16,16,16,16]",6
90,5,"(3,5,6,7,8)",23,"[0,0,0,23,0,23,23,23,23,0]",5
90,6,"(1,2,3,4,6)",9,"[0,9,9,9,9,0,9,0,0,0]",5
90,7,"(4,5,6,7)",17,"[0,0,0,0,17,17,17,17,0,0]",4
90,8,"(1,2,3,4,7,8,9)",7,"[0,7,7,7,7,0,0,7,7,7]",7
90,9,"(2,3,8)",1,"[0,0,1,1,0,0,0,0,1,0]",3
90,11,"(1,2,3,9)",19,"[0,19,19,19,0,0,0,0,0,19]",4
91,0,"(1,3,4,5)",8,"[0,8,0,8,8,8]",4
91,2,"(4,5)",1,"[0,0,0,0,1,1]",2
91,3,"(2,4)",21,"[0,0,21,0,21,0]",2
91,4,"(0,2,3,4,5)",33,"[33,0,33,33,33,33]",5
91,5,"(2,3,5)",1,"[0,0,1,1,0,1]",3
91,6,"(1,5)",37,"[0,37,0,0,0,37]",2
91,7,"(0,1,2,3,4)",13,"[13,13,13,13,13,0]",5
92,0,"(1,6,7)",10,"[0,10,0,0,0,0,10,10,0,0]",3
92,1,"(0,2,3,7)",20,"[20,0,20,20,0,0,0,20,0,0]",4
92,2,"(0,3,4,5,7)",7,"[7,0,0,7,7,7,0,7,0,0]",5
92,3,"(4,6,7,8,9)",20,"[0,0,0,0,20,0,20,20,20,20]",5
92,4,"(0,1,4,5,6,7,8,9)",19,"[19,19,0,0,19,19,19,19,19,19]",8
92,5,"(2,4,6)",5,"[0,0,5,0,5,0,5,0,0,0]",3
92,6,"(1,3,6,7,9)",3,"[0,3,0,3,0,0,3,3,0,3]",5
92,7,"(1,2,3,4,6,7,8,9)",15,"[0,15,15,15,15,0,15,15,15,15]",8
92,8,"(0,1,2,3,4,5,8)",13,"[13,13,13,13,13,13,0,0,13,0]",7
93,1,"(2,3,4)",6,"[0,0,6,6,6,0,0,0]",3
93,2,"(0,1,2,7)",13,"[13,13,13,0,0,0,0,13]",4
93,3,"(1,3,4,5,6,7)",22,"[0,22,0,22,22,22,22,22]",6
93,4,"(0,6)",102,"[102,0,0,0,0,0,102,0]",2
93,5,"(2,3,6)",13,"[0,0,13,13,0,0,13,0]",3
93,6,"(1,4,5,6)",3,"[0,3,0,0,3,3,3,0]",4
93,7,"(2,3,5)",16,"[0,0,16,16,0,16,0,0]",3
93,9,"(0,1,4,6)",44,"[44,44,0,0,44,0,44,0]",4
94,0,"(1,4,5,6)",7,"[0,7,0,0,7,7,7]",4
94,1,"(0,2,4,5)",20,"[20,0,20,0,20,20,0]",4
94,2,"(1,3)",13,"[0,13,0,13,0,0,0]",2
94,3,"(0,2,3,4,6)",1,"[1,0,1,1,1,0,1]",5
94,4,"(0,2)",14,"[14,0,14,0,0,0,0]",2
95,0,"(1,2)",5,"[0,5,5,0,0,0]",2
95,1,"(3,4,5)",18,"[0,0,0,18,18,18]",3
95,2,"(2,4,5)",18,"[0,0,18,0,18,18]",3
95,3,"(2,3)",7,"[0,0,7,7,0,0]",2
95,4,"(0,1,3,4,5)",6,"[6,6,0,6,6,6]",5
95,5,"(0,4)",3,"[3,0,0,0,3,0]",2
96,0,"(0,2,3,6,7,8)",10,"[10,0,10,10,0,0,10,10,10]",6
96,1,"(0,3,6)",19,"[19,0,0,19,0,0,19,0,0]",3
96,2,"(2,3,4,5,6)",16,"[0,0,16,16,16,16,16,0,0]",5
96,3,"(3,4)",6,"[0,0,0,6,6,0,0,0,0]",2
96,4,"(0,1,3)",18,"[18,18,0,18,0,0,0,0,0]",3
96,5,"(0,3,4,5,7,8)",18,"[18,0,0,18,18,18,0,18,18]",6
96,6,"(0,2,5)",16,"[16,0,16,0,0,16,0,0,0]",3
96,7,"(0,1,7,8)",3,"[3,3,0,0,0,0,0,3,3]",4
97,1,"(0,1,7)",15,"[15,15,0,0,0,0,0,15]",3
97,2,"(3,4)",16,"[0,0,0,16,16,0,0,0]",2
97,3,"(0,1,5,7)",6,"[6,6,0,0,0,6,0,6]",4
97,4,"(1,2,4)",5,"[0,5,5,0,5,0,0,0]",3
97,5,"(1,2,5,6)",4,"[0,4,4,0,0,4,4,0]",4
97,6,"(0,1,4,6)",11,"[11,11,0,0,11,0,11,0]",4
98,0,"(0,1,5,6,7)",10,"[10,10,0,0,0,10,10,10,0]",5
98,1,"(2,3,4,5,7,8)",14,"[0,0,14,14,14,14,0,14,14]",6
98,2,"(0,3,5,6,7,8)",12,"[12,0,0,12,0,12,12,12,12]",6
98,3,"(0,1,2,3,5,6)",4,"[4,4,4,4,0,4,4,0,0]",6
98,4,"(2,3,4,5,6,8)",12,"[0,0,12,12,12,12,12,0,12]",6
98,5,"(1,5)",11,"[0,11,0,0,0,11,0,0,0]",2
98,6,"(1,2,3,4,5,6)",17,"[0,17,17,17,17,17,17,0,0]",6
98,7,"(0,2,3,4)",2,"[2,0,2,2,2,0,0,0,0]",4
99,0,"(1,3,6)",17,"[0,17,0,17,0,0,17,0,0]",3
99,1,(3),152,"[0,0,0,152,0,0,0,0,0]",1
99,2,"(1,3,5,6,7)",11,"[0,11,0,11,0,11,11,11,0]",5
99,3,"(0,4,8)",4,"[4,0,0,0,4,0,0,0,4]",3
99,4,"(1,4,5,8)",10,"[0,10,0,0,10,10,0,0,10]",4
99,5,"(0,2,4,5,6,8)",1,"[1,0,1,0,1,1,1,0,1]",6
99,6,"(0,1,2,6,7,8)",7,"[7,7,7,0,0,0,7,7,7]",6
99,7,"(0,2,3,4,7,8)",10,"[10,0,10,10,10,0,0,10,10]",6
99,8,"(2,6,7,8)",15,"[0,0,15,0,0,0,15,15,15]",4
99,9,"(0,2,3,5,6)",20,"[20,0,20,20,0,20,20,0,0]",5
100,0,"(0,1,3)",1,"[1,1,0,1]",3
100,1,"(0,1)",13,"[13,13,0,0]",2
100,2,"(1,2,3)",5,"[0,5,5,5]",3
101,0,"(1,2,3,4,5,6)",10,"[0,10,10,10,10,10,10,0]",6
101,1,"(0,1,2,5,6,7)",16,"[16,16,16,0,0,16,16,16]",6
101,3,"(0,2,3,5,7)",17,"[17,0,17,17,0,17,0,17]",5
101,4,"(2,3,5,6,7)",19,"[0,0,19,19,0,19,19,19]",5
101,5,"(1,2,3,4,7)",19,"[0,19,19,19,19,0,0,19]",5
101,6,"(1,3,7)",6,"[0,6,0,6,0,0,0,6]",3
101,7,"(1,2,3,7)",18,"[0,18,18,18,0,0,0,18]",4
102,0,"(2,3)",18,"[0,0,18,18,0,0]",2
102,1,"(1,3,4,5)",3,"[0,3,0,3,3,3]",4
102,2,"(0,1,2,4,5)",4,"[4,4,4,0,4,4]",5
102,3,"(1,2,3,4,5)",12,"[0,12,12,12,12,12]",5
103,0,"(1,2,3)",19,"[0,19,19,19,0]",3
103,1,"(0,1,2,3)",11,"[11,11,11,11,0]",4
103,2,(3),13,"[0,0,0,13,0]",1
103,3,"(0,4)",17,"[17,0,0,0,17]",2
104,1,"(0,2,4)",9,"[9,0,9,0,9]",3
104,2,"(0,1,4)",9,"[9,9,0,0,9]",3
105,0,"(0,1,2)",18,"[18,18,18,0,0,0]",3
105,2,"(1,3,5)",14,"[0,14,0,14,0,14]",3
105,3,"(3,4)",7,"[0,0,0,7,7,0]",2
105,4,"(1,3,4)",9,"[0,9,0,9,9,0]",3
105,5,"(2,3)",25,"[0,0,25,25,0,0]",2
105,6,"(0,4,5)",9,"[9,0,0,0,9,9]",3
106,0,"(1,4,9)",19,"[0,19,0,0,19,0,0,0,0,19]",3
106,1,"(0,2,8)",105,"[105,0,105,0,0,0,0,0,105,0]",3
106,2,"(4,5,7)",3,"[0,0,0,0,3,3,0,3,0,0]",3
106,4,"(0,2,6,7,8)",9,"[9,0,9,0,0,0,9,9,9,0]",5
106,5,"(1,2,3,4,5,6,7,9)",13,"[0,13,13,13,13,13,13,13,0,13]",8
106,6,"(1,2,4,6,7,8,9)",2,"[0,2,2,0,2,0,2,2,2,2]",7
106,7,(4),11,"[0,0,0,0,11,0,0,0,0,0]",1
107,0,(2),21,"[0,0,21,0]",1
107,1,"(0,1)",3,"[3,3,0,0]",2
107,4,"(0,3)",12,"[12,0,0,12]",2
108,0,"(0,2)",19,"[19,0,19,0]",2
108,1,"(1,2,3)",8,"[0,8,8,8]",3
109,0,"(0,1,2,3,4,6,7)",13,"[13,13,13,13,13,0,13,13]",7
109,2,"(0,1,3,5,6,7)",6,"[6,6,0,6,0,6,6,6]",6
109,3,"(0,1,2,3,4,5)",14,"[14,14,14,14,14,14,0,0]",6
109,4,"(0,1,2,4,6,7)",10,"[10,10,10,0,10,0,10,10]",6
109,6,"(0,2,4,6)",17,"[17,0,17,0,17,0,17,0]",4
109,7,"(1,4,5,6)",11,"[0,11,0,0,11,11,11,0]",4
109,8,"(0,1,3,4,5,6,7)",3,"[3,3,0,3,3,3,3,3]",7
110,0,"(1,2,3)",11,"[0,11,11,11,0]",3
110,1,"(0,3)",2,"[2,0,0,2,0]",2
110,2,"(0,1,4)",16,"[16,16,0,0,16]",3
111,1,"(0,2,4,8,9)",8,"[8,0,8,0,8,0,0,0,8,8]",5
111,2,"(2,3)",6,"[0,0,6,6,0,0,0,0,0,0]",2
111,3,"(1,4)",2,"[0,2,0,0,2,0,0,0,0,0]",2
111,4,"(1,2,4,6,8,9)",14,"[0,14,14,0,14,0,14,0,14,14]",6
111,5,"(1,5,6,8)",19,"[0,19,0,0,0,19,19,0,19,0]",4
111,6,"(1,3,5,6,7)",5,"[0,5,0,5,0,5,5,5,0,0]",5
111,7,"(0,1,8)",5,"[5,5,0,0,0,0,0,0,5,0]",3
111,8,"(0,1,2,4,6)",9,"[9,9,9,0,9,0,9,0,0,0]",5
111,9,"(6,9)",12,"[0,0,0,0,0,0,12,0,0,12]",2
112,0,"(0,1,2,3,4,6,7)",5,"[5,5,5,5,5,0,5,5]",7
112,1,"(2,4)",17,"[0,0,17,0,17,0,0,0]",2
112,2,"(0,1,4,5,6,7)",9,"[9,9,0,0,9,9,9,9]",6
112,3,"(2,7)",2,"[0,0,2,0,0,0,0,2]",2
112,4,"(0,2,6)",10,"[10,0,10,0,0,0,10,0]",3
112,6,"(0,3,5)",15,"[15,0,0,15,0,15,0,0]",3
112,7,"(0,1,2,4,5,7)",14,"[14,14,14,0,14,14,0,14]",6
112,8,"(1,2,4,6)",7,"[0,7,7,0,7,0,7,0]",4
113,0,"(0,2,3,4)",19,"[19,0,19,19,19,0]",4
113,1,"(0,1,2,3)",19,"[19,19,19,19,0,0]",4
113,2,"(1,4)",13,"[0,13,0,0,13,0]",2
113,3,"(0,1,2,4)",3,"[3,3,3,0,3,0]",4
113,4,"(0,3,5)",15,"[15,0,0,15,0,15]",3
114,0,"(0,2,6)",9,"[9,0,9,0,0,0,9]",3
114,1,"(0,3)",9,"[9,0,0,9,0,0,0]",2
114,2,"(0,5)",13,"[13,0,0,0,0,13,0]",2
114,3,"(0,4)",13,"[13,0,0,0,13,0,0]",2
114,5,"(1,2,6)",10,"[0,10,10,0,0,0,10]",3
114,6,"(1,2)",16,"[0,16,16,0,0,0,0]",2
114,7,"(1,2,3,4)",20,"[0,20,20,20,20,0,0]",4
115,0,"(0,1,2,5)",10,"[10,10,10,0,0,10,0]",4
115,2,"(2,3)",2,"[0,0,2,2,0,0,0]",2
115,3,"(1,4,5,6)",6,"[0,6,0,0,6,6,6]",4
115,4,"(1,2,5,6)",17,"[0,17,17,0,0,17,17]",4
115,5,"(1,2,3)",25,"[0,25,25,25,0,0,0]",3
115,6,"(3,5)",19,"[0,0,0,19,0,19,0]",2
115,7,"(0,2,4,5,6)",12,"[12,0,12,0,12,12,12]",5
116,0,"(1,5,6,7,8,9)",7,"[0,7,0,0,0,7,7,7,7,7]",6
116,1,"(0,1,5,6,7,8)",29,"[29,29,0,0,0,29,29,29,29,0]",6
116,2,"(0,1,2,3,4,5,6,8)",25,"[25,25,25,25,25,25,25,0,25,0]",8
116,3,"(0,1,3,4,6,7,8,9)",24,"[24,24,0,24,24,0,24,24,24,24]",8
116,4,"(0,1,3,4,5,6,8)",3,"[3,3,0,3,3,3,3,0,3,0]",7
116,6,"(3,6,7)",18,"[0,0,0,18,0,0,18,18,0,0]",3
116,8,"(0,1,4,6)",9,"[9,9,0,0,9,0,9,0,0,0]",4
116,9,"(3,4,5,6,9)",20,"[0,0,0,20,20,20,20,0,0,20]",5
116,10,"(2,5,8,9)",11,"[0,0,11,0,0,11,0,0,11,11]",4
116,11,"(0,3,6,7)",6,"[6,0,0,6,0,0,6,6,0,0]",4
117,0,"(0,1,2,4,5)",3,"[3,3,3,0,3,3]",5
117,1,"(2,3)",15,"[0,0,15,15,0,0]",2
117,2,"(0,2,4)",15,"[15,0,15,0,15,0]",3
117,3,"(1,2,5)",11,"[0,11,11,0,0,11]",3
118,0,"(0,1,2,4,5)",196,"[196,196,196,0,196,196]",5
118,1,"(3,4,5)",9,"[0,0,0,9,9,9]",3
118,2,"(2,5)",20,"[0,0,20,0,0,20]",2
118,3,"(4,5)",1,"[0,0,0,0,1,1]",2
118,4,"(0,1,2,3,5)",1,"[1,1,1,1,0,1]",5
118,5,"(0,3)",2,"[2,0,0,2,0,0]",2
119,0,"(1,2,3,5)",9,"[0,9,9,9,0,9]",4
119,1,"(1,2,3,4,5)",11,"[0,11,11,11,11,11]",5
119,2,"(1,3)",5,"[0,5,0,5,0,0]",2
119,3,"(0,1,4)",18,"[18,18,0,0,18,0]",3
120,0,"(1,2,4)",9,"[0,9,9,0,9]",3
120,1,"(0,1,3)",11,"[11,11,0,11,0]",3
120,2,"(0,1,2,4)",20,"[20,20,20,0,20]",4
120,3,"(0,1)",2,"[2,2,0,0,0]",2
121,0,"(0,3,4)",3,"[3,0,0,3,3]",3
121,1,"(1,3,4)",14,"[0,14,0,14,14]",3
121,2,"(0,1,2,3)",16,"[16,16,16,16,0]",4
122,0,"(0,2,3,4)",19,"[19,0,19,19,19,0]",4
122,1,"(0,1,3,5)",19,"[19,19,0,19,0,19]",4
122,2,"(0,1,4,5)",14,"[14,14,0,0,14,14]",4
122,3,"(0,1,4)",14,"[14,14,0,0,14,0]",3
123,0,"(0,1)",13,"[13,13,0,0]",2
123,1,"(0,1,3)",12,"[12,12,0,12]",3
123,2,"(0,2)",7,"[7,0,7,0]",2
123,3,"(1,3)",2,"[0,2,0,2]",2
124,0,(0),4,"[4,0,0,0,0,0]",1
124,1,"(1,4)",8,"[0,8,0,0,8,0]",2
124,2,"(0,1,4,5)",14,"[14,14,0,0,14,14]",4
124,3,"(0,3)",25,"[25,0,0,25,0,0]",2
124,6,"(2,4,5)",19,"[0,0,19,0,19,19]",3
124,7,"(1,2)",21,"[0,21,21,0,0,0]",2
125,1,"(0,3,5)",24,"[24,0,0,24,0,24,0,0]",3
125,2,"(0,1,2)",6,"[6,6,6,0,0,0,0,0]",3
125,3,"(0,1,3,4,6,7)",14,"[14,14,0,14,14,0,14,14]",6
125,5,"(2,4,6)",32,"[0,0,32,0,32,0,32,0]",3
125,6,"(0,3,4,5,6,7)",19,"[19,0,0,19,19,19,19,19]",6
125,7,"(5,6)",5,"[0,0,0,0,0,5,5,0]",2
125,9,(1),22,"[0,22,0,0,0,0,0,0]",1
126,0,"(0,2,3,5,6)",20,"[20,0,20,20,0,20,20,0,0]",5
126,1,"(3,4,5,6,8)",3,"[0,0,0,3,3,3,3,0,3]",5
126,2,"(0,1,2,3,8)",11,"[11,11,11,11,0,0,0,0,11]",5
126,3,"(0,5,7)",10,"[10,0,0,0,0,10,0,10,0]",3
126,4,"(1,2,3,4,5,7,8)",5,"[0,5,5,5,5,5,0,5,5]",7
126,5,"(0,4)",19,"[19,0,0,0,19,0,0,0,0]",2
126,6,"(4,5,6,7,8)",6,"[0,0,0,0,6,6,6,6,6]",5
126,8,"(0,1,3,4,5,6,7)",10,"[10,10,0,10,10,10,10,10,0]",7
126,9,"(2,5,7)",2,"[0,0,2,0,0,2,0,2,0]",3
127,0,"(4,6)",14,"[0,0,0,0,14,0,14]",2
127,1,"(0,2)",19,"[19,0,19,0,0,0,0]",2
127,2,"(0,1,2,5,6)",11,"[11,11,11,0,0,11,11]",5
127,3,"(3,5,6)",5,"[0,0,0,5,0,5,5]",3
127,4,"(0,3,4,6)",1,"[1,0,0,1,1,0,1]",4
127,5,"(1,2,3,5,6)",18,"[0,18,18,18,0,18,18]",5
127,6,"(0,3,4)",12,"[12,0,0,12,12,0,0]",3
128,0,"(0,1)",12,"[12,12,0,0]",2
128,2,(0),11,"[11,0,0,0]",1
128,3,"(0,1,3)",3,"[3,3,0,3]",3
128,4,"(1,2)",3,"[0,3,3,0]",2
129,1,"(1,2)",149,"[0,149,149,0,0]",2
129,2,"(0,2,3)",18,"[18,0,18,18,0]",3
129,3,"(1,2,4)",5,"[0,5,5,0,5]",3
129,4,"(1,4)",4,"[0,4,0,0,4]",2
130,0,(0),6,"[6,0,0,0,0]",1
130,2,"(0,2,3,4)",9,"[9,0,9,9,9]",4
130,3,"(0,1,3)",4,"[4,4,0,4,0]",3
130,4,"(0,1)",1,"[1,1,0,0,0]",2
131,0,"(0,3,5)",18,"[18,0,0,18,0,18,0,0]",3
131,1,"(0,4,6,7)",19,"[19,0,0,0,19,0,19,19]",4
131,2,"(4,7)",4,"[0,0,0,0,4,0,0,4]",2
131,3,"(1,2,3,4,6,7)",12,"[0,12,12,12,12,0,12,12]",6
131,4,(3),8,"[0,0,0,8,0,0,0,0]",1
131,5,"(2,3,4,5,6,7)",7,"[0,0,7,7,7,7,7,7]",6
131,6,"(0,1,2,4,5)",19,"[19,19,19,0,19,19,0,0]",5
131,7,"(0,1,2,4,6,7)",3,"[3,3,3,0,3,0,3,3]",6
132,0,"(4,8)",11,"[0,0,0,0,11,0,0,0,11]",2
132,3,"(1,4,6,7)",13,"[0,13,0,0,13,0,13,13,0]",4
132,4,"(0,8)",5,"[5,0,0,0,0,0,0,0,5]",2
132,5,"(2,3,4,5,6,7,8)",20,"[0,0,20,20,20,20,20,20,20]",7
132,6,"(0,3,5,6,7)",6,"[6,0,0,6,0,6,6,6,0]",5
132,7,"(3,7,8)",12,"[0,0,0,12,0,0,0,12,12]",3
132,8,"(1,3,4,5,6)",19,"[0,19,0,19,19,19,19,0,0]",5
132,9,"(2,3,7)",7,"[0,0,7,7,0,0,0,7,0]",3
133,0,"(0,1,2,4,5,6,8,9)",4,"[4,4,4,0,4,4,4,0,4,4]",8
133,1,"(2,4,8)",12,"[0,0,12,0,12,0,0,0,12,0]",3
133,2,"(4,7)",4,"[0,0,0,0,4,0,0,4,0,0]",2
133,3,"(0,2,3,4,5,7,8,9)",18,"[18,0,18,18,18,18,0,18,18,18]",8
133,4,"(2,3,4,6,7)",4,"[0,0,4,4,4,0,4,4,0,0]",5
133,5,"(0,1,3,4,5,6,7)",14,"[14,14,0,14,14,14,14,14,0,0]",7
133,6,"(5,6)",2,"[0,0,0,0,0,2,2,0,0,0]",2
133,7,"(3,8)",4,"[0,0,0,4,0,0,0,0,4,0]",2
133,8,"(1,4,5,7,8,9)",18,"[0,18,0,0,18,18,0,18,18,18]",6
133,9,"(0,4,7)",25,"[25,0,0,0,25,0,0,25,0,0]",3
133,10,"(0,1,4,5,7,8)",12,"[12,12,0,0,12,12,0,12,12,0]",6
134,0,(7),13,"[0,0,0,0,0,0,0,13]",1
134,1,"(0,1,3,4,7)",7,"[7,7,0,7,7,0,0,7]",5
134,2,"(0,1,4,5,6,7)",3,"[3,3,0,0,3,3,3,3]",6
134,3,"(0,2,3,4,6,7)",7,"[7,0,7,7,7,0,7,7]",6
134,4,"(0,6)",15,"[15,0,0,0,0,0,15,0]",2
134,5,"(1,2,4,5,7)",20,"[0,20,20,0,20,20,0,20]",5
134,6,"(1,2,3,4,5,6)",9,"[0,9,9,9,9,9,9,0]",6
134,7,"(0,2,3,4,5,7)",7,"[7,0,7,7,7,7,0,7]",6
135,0,"(0,1,4)",6,"[6,6,0,0,6]",3
135,1,"(1,3)",16,"[0,16,0,16,0]",2
135,3,"(1,2,3)",14,"[0,14,14,14,0]",3
136,0,"(0,2,5,6,9)",11,"[11,0,11,0,0,11,11,0,0,11]",5
136,1,"(0,1,3,9)",19,"[19,19,0,19,0,0,0,0,0,19]",4
136,2,"(0,6)",2,"[2,0,0,0,0,0,2,0,0,0]",2
136,3,"(6,8)",17,"[0,0,0,0,0,0,17,0,17,0]",2
136,4,"(2,3,6,7,8,9)",20,"[0,0,20,20,0,0,20,20,20,20]",6
136,5,"(0,3,4,9)",18,"[18,0,0,18,18,0,0,0,0,18]",4
136,6,"(3,4,7,8,9)",7,"[0,0,0,7,7,0,0,7,7,7]",5
136,7,"(0,1,2,5,6,7,9)",12,"[12,12,12,0,0,12,12,12,0,12]",7
136,8,"(5,6)",2,"[0,0,0,0,0,2,2,0,0,0]",2
137,0,"(0,1,3,4,6,8)",17,"[17,17,0,17,17,0,17,0,17]",6
137,1,"(5,8)",11,"[0,0,0,0,0,11,0,0,11]",2
137,2,"(0,1,4,5,6,7)",5,"[5,5,0,0,5,5,5,5,0]",6
137,3,"(4,6)",17,"[0,0,0,0,17,0,17,0,0]",2
137,4,"(1,6)",9,"[0,9,0,0,0,0,9,0,0]",2
137,5,"(0,1,2,6)",1,"[1,1,1,0,0,0,1,0,0]",4
137,6,"(3,5,6,7,8)",7,"[0,0,0,7,0,7,7,7,7]",5
137,7,"(2,3,4,7)",15,"[0,0,15,15,15,0,0,15,0]",4
137,8,"(4,7)",17,"[0,0,0,0,17,0,0,17,0]",2
137,9,"(1,2,4,5,6,8)",8,"[0,8,8,0,8,8,8,0,8]",6
138,0,"(0,3,4,8,9)",1,"[1,0,0,1,1,0,0,0,1,1]",5
138,1,"(0,2,4,6,9)",13,"[13,0,13,0,13,0,13,0,0,13]",5
138,2,"(0,1,2,3,4,5,8,9)",16,"[16,16,16,16,16,16,0,0,16,16]",8
138,3,"(0,1,2,3,5,6,8,9)",18,"[18,18,18,18,0,18,18,0,18,18]",8
138,4,"(2,6,8,9)",22,"[0,0,22,0,0,0,22,0,22,22]",4
138,5,"(0,4,6,7,9)",6,"[6,0,0,0,6,0,6,6,0,6]",5
138,6,"(0,2,4,5,6,7,8)",3,"[3,0,3,0,3,3,3,3,3,0]",7
138,7,"(1,2,5,6,7)",14,"[0,14,14,0,0,14,14,14,0,0]",5
138,8,"(0,1,2,3,8)",10,"[10,10,10,10,0,0,0,0,10,0]",5
138,9,"(0,1,4,5,9)",15,"[15,15,0,0,15,15,0,0,0,15]",5
138,10,"(0,1,2,3,4,5,6,7)",19,"[19,19,19,19,19,19,19,19,0,0]",8
139,0,"(1,2,3,5)",4,"[0,4,4,4,0,4,0,0]",4
139,1,"(0,1,3,4,5,6)",55,"[55,55,0,55,55,55,55,0]",6
139,2,"(3,4,6)",2,"[0,0,0,2,2,0,2,0]",3
139,3,"(1,3,6,7)",9,"[0,9,0,9,0,0,9,9]",4
139,4,"(0,2,4,5,6,7)",13,"[13,0,13,0,13,13,13,13]",6
139,5,"(0,1,3,5,6)",3,"[3,3,0,3,0,3,3,0]",5
139,8,"(0,1,2,4,5,6,7)",166,"[166,166,166,0,166,166,166,166]",7
140,0,"(0,1,3,4,6)",6,"[6,6,0,6,6,0,6,0,0,0]",5
140,1,"(1,3,7,8)",16,"[0,16,0,16,0,0,0,16,16,0]",4
140,3,"(0,2,3,4,5,7,8,9)",13,"[13,0,13,13,13,13,0,13,13,13]",8
140,4,"(1,6)",10,"[0,10,0,0,0,0,10,0,0,0]",2
140,5,"(0,2,9)",14,"[14,0,14,0,0,0,0,0,0,14]",3
140,6,"(1,2,4,5,6,7,8)",13,"[0,13,13,0,13,13,13,13,13,0]",7
140,7,"(6,7)",9,"[0,0,0,0,0,0,9,9,0,0]",2
140,8,"(0,8)",5,"[5,0,0,0,0,0,0,0,5,0]",2
140,9,"(1,2,3,4,6,8,9)",12,"[0,12,12,12,12,0,12,0,12,12]",7
141,0,"(3,4,5,6,7)",8,"[0,0,0,8,8,8,8,8,0]",5
141,1,"(1,2,4,5,6,7,8)",19,"[0,19,19,0,19,19,19,19,19]",7
141,2,"(0,2,3,4,5,7,8)",3,"[3,0,3,3,3,3,0,3,3]",7
141,3,"(3,4,6)",15,"[0,0,0,15,15,0,15,0,0]",3
141,4,"(0,4,5,7,8)",17,"[17,0,0,0,17,17,0,17,17]",5
141,5,"(0,2,3,6,7)",18,"[18,0,18,18,0,0,18,18,0]",5
141,6,"(0,1,2,5,6,7,8)",4,"[4,4,4,0,0,4,4,4,4]",7
141,7,"(0,1,2,4,5,6,7,8)",19,"[19,19,19,0,19,19,19,19,19]",8
141,8,"(1,2,3,4,5,6,7,8)",12,"[0,12,12,12,12,12,12,12,12]",8
142,0,"(0,1,3)",13,"[13,13,0,13]",3
142,1,"(0,2)",20,"[20,0,20,0]",2
142,2,"(1,2)",14,"[0,14,14,0]",2
143,0,"(2,3,4,5)",17,"[0,0,17,17,17,17]",4
143,1,"(0,1,2)",11,"[11,11,11,0,0,0]",3
143,2,"(1,2,4)",1,"[0,1,1,0,1,0]",3
143,3,"(0,1,4)",21,"[21,21,0,0,21,0]",3
143,4,"(0,2,4,5)",3,"[3,0,3,0,3,3]",4
143,6,(5),14,"[0,0,0,0,0,14]",1
143,7,"(0,1,2,3)",9,"[9,9,9,9,0,0]",4
144,0,"(0,1,2,3)",16,"[16,16,16,16,0]",4
144,1,"(0,3,4)",2,"[2,0,0,2,2]",3
144,3,"(0,4)",1,"[1,0,0,0,1]",2
144,4,"(0,1,2,4)",20,"[20,20,20,0,20]",4
144,5,"(1,3,4)",17,"[0,17,0,17,17]",3
144,6,"(2,3,4)",7,"[0,0,7,7,7]",3
145,0,"(1,3,4)",6,"[0,6,0,6,6]",3
145,1,"(0,1,2)",16,"[16,16,16,0,0]",3
145,2,"(0,1,4)",3,"[3,3,0,0,3]",3
146,0,"(1,6)",4,"[0,4,0,0,0,0,4]",2
146,1,"(2,3)",1,"[0,0,1,1,0,0,0]",2
146,2,"(0,1)",5,"[5,5,0,0,0,0,0]",2
146,3,"(0,1,3,4,6)",13,"[13,13,0,13,13,0,13]",5
146,4,"(1,2,4,5,6)",13,"[0,13,13,0,13,13,13]",5
146,6,"(0,6)",20,"[20,0,0,0,0,0,20]",2
146,7,"(2,3,5)",17,"[0,0,17,17,0,17,0]",3
146,8,"(0,4,5)",5,"[5,0,0,0,5,5,0]",3
147,0,"(0,2,3,4,6,7,8)",2,"[2,0,2,2,2,0,2,2,2]",7
147,2,"(0,1,2,3)",3,"[3,3,3,3,0,0,0,0,0]",4
147,3,"(0,1,3,4,5)",14,"[14,14,0,14,14,14,0,0,0]",5
147,5,"(5,7)",12,"[0,0,0,0,0,12,0,12,0]",2
147,6,(0),15,"[15,0,0,0,0,0,0,0,0]",1
147,8,"(2,3,5)",18,"[0,0,18,18,0,18,0,0,0]",3
148,0,"(1,3,6,8,9)",7,"[0,7,0,7,0,0,7,0,7,7]",5
148,1,"(1,2,4,5,8,9)",2,"[0,2,2,0,2,2,0,0,2,2]",6
148,2,"(0,1,3,4,5,6,8,9)",1,"[1,1,0,1,1,1,1,0,1,1]",8
148,3,"(4,6,7,8,9)",10,"[0,0,0,0,10,0,10,10,10,10]",5
148,4,"(0,3,4,5,6,7,8)",19,"[19,0,0,19,19,19,19,19,19,0]",7
148,6,"(0,4,6)",3,"[3,0,0,0,3,0,3,0,0,0]",3
148,7,"(4,6,7)",7,"[0,0,0,0,7,0,7,7,0,0]",3
148,8,"(0,1,4,7)",8,"[8,8,0,0,8,0,0,8,0,0]",4
148,9,"(1,2,3,4,5,6,8,9)",19,"[0,19,19,19,19,19,19,0,19,19]",8
149,0,"(3,4,9)",1,"[0,0,0,1,1,0,0,0,0,1]",3
149,1,"(1,2,6)",14,"[0,14,14,0,0,0,14,0,0,0]",3
149,2,"(0,3,6)",18,"[18,0,0,18,0,0,18,0,0,0]",3
149,4,"(2,5)",15,"[0,0,15,0,0,15,0,0,0,0]",2
149,5,"(0,2,4)",3,"[3,0,3,0,3,0,0,0,0,0]",3
149,7,"(0,4,5)",6,"[6,0,0,0,6,6,0,0,0,0]",3
149,8,"(0,1,2,4,5,6,7,8)",13,"[13,13,13,0,13,13,13,13,13,0]",8
149,9,"(0,2,3,4,5,6,7,9)",9,"[9,0,9,9,9,9,9,9,0,9]",8
149,11,"(4,8,9)",14,"[0,0,0,0,14,0,0,0,14,14]",3
149,12,"(0,5,9)",14,"[14,0,0,0,0,14,0,0,0,14]",3
150,0,"(1,3)",7,"[0,7,0,7]",2
150,1,(3),10,"[0,0,0,10]",1
150,2,"(2,3)",14,"[0,0,14,14]",2
150,3,"(0,1)",4,"[4,4,0,0]",2
151,0,"(0,1,3)",22,"[22,22,0,22]",3
151,1,"(0,2)",7,"[7,0,7,0]",2
151,4,(2),17,"[0,0,17,0]",1
151,5,(3),1,"[0,0,0,1]",1
152,0,"(1,4,5,6)",8,"[0,8,0,0,8,8,8]",4
152,1,"(3,5)",197,"[0,0,0,197,0,197,0]",2
152,2,"(1,2,3,6)",9,"[0,9,9,9,0,0,9]",4
152,3,"(0,1,2,3,6)",18,"[18,18,18,18,0,0,18]",5
152,4,"(2,4,5)",13,"[0,0,13,0,13,13,0]",3
152,5,"(4,5)",6,"[0,0,0,0,6,6,0]",2
153,0,"(0,2,4,6)",7,"[7,0,7,0,7,0,7]",4
153,1,"(0,1,3)",6,"[6,6,0,6,0,0,0]",3
153,2,"(0,1,2,5,6)",4,"[4,4,4,0,0,4,4]",5
153,3,"(4,5,6)",9,"[0,0,0,0,9,9,9]",3
153,5,"(0,1,2,3,5)",5,"[5,5,5,5,0,5,0]",5
153,6,"(0,4,5,6)",28,"[28,0,0,0,28,28,28]",4
153,8,"(1,3,4,5)",20,"[0,20,0,20,20,20,0]",4
